﻿{"cameraMode":{"drawMode":0,"name":"Shaded","section":"Shading Mode"},"sceneLighting":true,"audioPlay":false,"sceneViewState":{"showFog":true,"showMaterialUpdate":true,"showSkybox":true,"showFlares":true,"showImageEffects":true,"showParticleSystems":true},"in2DMode":false,"pivot":{"x":874.6214599609375,"y":-438.45892333984377,"z":-104.4311294555664},"rotation":{"x":0.2399512529373169,"y":0.6014541983604431,"z":-0.19598430395126344,"w":0.7363874316215515},"size":2156.07958984375,"orthographic":false}