﻿{"cameraMode":{"drawMode":0,"name":"Shaded","section":"Shading Mode"},"sceneLighting":true,"audioPlay":false,"sceneViewState":{"showFog":true,"showMaterialUpdate":true,"showSkybox":true,"showFlares":true,"showImageEffects":true,"showParticleSystems":true},"in2DMode":false,"pivot":{"x":275.019775390625,"y":225.75595092773438,"z":-39.142608642578128},"rotation":{"x":0.15240314602851869,"y":0.0038335470017045738,"z":-0.0005922457785345614,"w":0.9883108139038086},"size":884.3916015625,"orthographic":false}